configuration,status,runtime_generation_effect,independently_configurable,part_of_evaluated_runtime,scientifically_valid_with_current_code,reason,asr,refusal_rate,benign_refusal_rate,false_flag_rate,latency_overall_ms,latency_refused_ms,latency_answered_ms,token_overhead,context_overhead,absolute_change_vs_no_defense,degradation_vs_full_arcshield,paired_p_value
no_defense,implemented_and_evaluated,no hardened system prompt,true,true,true,Existing No Defense condition; post-generation judge remains unchanged.,0.26929742,0.33353220,0.00409091,0.20772727,32487.1882,18078.9243,39697.7691,204.0484,0.0,0.0,0.14392811,<4.94e-324
full_arcshield,implemented_but_misnamed,hardened system prompt,true,true,true,In the evaluated runtime this is prompt hardening only; heuristic and Llama Guard stages are outcome evaluators rather than runtime defenses.,0.12536932,0.60303977,0.02727273,0.21772727,17856.7343,12721.3269,25658.1581,100.8085,196.0,-0.14392811,0.0,<4.94e-324
prompt_hardening_only,identical_to_current_full_arcshield,hardened system prompt,true,true,true,This configuration is operationally identical to the evaluated ArcShield condition.,0.12536932,0.60303977,0.02727273,0.21772727,17856.7343,12721.3269,25658.1581,100.8085,196.0,-0.14392811,0.0,<4.94e-324
heuristic_filtering_only,not_implemented_as_runtime_defense,none,false,false,false,Rule-based heuristics run after generation and contribute to the automated outcome label; disabling them changes the measurement instrument rather than the defense.,,,,,,,,,,,,,
llama_guard_only,not_implemented_as_runtime_defense,none,false,false,false,Llama Guard runs after generation as an outcome evaluator and does not block or rewrite target-model responses.,,,,,,,,,,,,,
full_without_prompt_hardening,collapses_to_no_defense,none,false,false,false,With current code removing prompt hardening leaves no active runtime defense; always-on judges still label responses.,,,,,,,,,,,,,
full_without_heuristic_filtering,not_identifiable,unchanged hardened system prompt,false,false,false,Would alter ASR adjudication while leaving generated responses unchanged; results would not be comparable to the original ASR definition.,,,,,,,,,,,,,
full_without_llama_guard,not_identifiable,unchanged hardened system prompt,false,false,false,Would alter ASR adjudication while leaving generated responses unchanged; results would not be comparable to the original ASR definition.,,,,,,,,,,,,,
optional_response_moderator,declared_but_inactive,none in evaluated runs,false,false,false,The CLI flag exists but src.core.attacker._moderator is never initialized; moderation therefore cannot affect responses in the evaluated path.,,,,,,,,,,,,,
