model,attack_type,arcshield,no_defense,asr_reduction,model_label
cloudflare_cf_deepseek_ai_deepseek_r1_distill_qwen_32b,Accidental Context Leakage,0.165,0.185,0.01999999999999999,CLOUDFLARE DEEPSEEK
cloudflare_cf_deepseek_ai_deepseek_r1_distill_qwen_32b,Attention Shifting,0.375,0.68,0.30500000000000005,CLOUDFLARE DEEPSEEK
cloudflare_cf_deepseek_ai_deepseek_r1_distill_qwen_32b,Code Injection,0.065,0.125,0.06,CLOUDFLARE DEEPSEEK
cloudflare_cf_deepseek_ai_deepseek_r1_distill_qwen_32b,Dictionary Attack,0.115,0.275,0.16000000000000003,CLOUDFLARE DEEPSEEK
cloudflare_cf_deepseek_ai_deepseek_r1_distill_qwen_32b,Direct Exploitation,0.145,0.505,0.36,CLOUDFLARE DEEPSEEK
cloudflare_cf_deepseek_ai_deepseek_r1_distill_qwen_32b,Fill-in-the-Blank Attack,0.19,0.085,-0.105,CLOUDFLARE DEEPSEEK
cloudflare_cf_deepseek_ai_deepseek_r1_distill_qwen_32b,Hypothetical Manipulation,0.595,0.79,0.19500000000000006,CLOUDFLARE DEEPSEEK
cloudflare_cf_deepseek_ai_deepseek_r1_distill_qwen_32b,Indirect Injection,0.075,0.205,0.13,CLOUDFLARE DEEPSEEK
cloudflare_cf_deepseek_ai_deepseek_r1_distill_qwen_32b,Jailbreaks,0.11,0.26,0.15000000000000002,CLOUDFLARE DEEPSEEK
cloudflare_cf_deepseek_ai_deepseek_r1_distill_qwen_32b,Logic Trap Attacks,0.46,0.82,0.35999999999999993,CLOUDFLARE DEEPSEEK
cloudflare_cf_deepseek_ai_deepseek_r1_distill_qwen_32b,Multi-Language Attack,0.135,0.285,0.14999999999999997,CLOUDFLARE DEEPSEEK
cloudflare_cf_deepseek_ai_deepseek_r1_distill_qwen_32b,Multi-Prompt Attack,0.295,0.37,0.07500000000000001,CLOUDFLARE DEEPSEEK
cloudflare_cf_deepseek_ai_deepseek_r1_distill_qwen_32b,Obfuscation (Token Smuggling),0.32,0.67,0.35000000000000003,CLOUDFLARE DEEPSEEK
cloudflare_cf_deepseek_ai_deepseek_r1_distill_qwen_32b,Payload Splitting,0.22,0.53,0.31000000000000005,CLOUDFLARE DEEPSEEK
cloudflare_cf_deepseek_ai_deepseek_r1_distill_qwen_32b,Prompt Injection,0.09,0.205,0.11499999999999999,CLOUDFLARE DEEPSEEK
cloudflare_cf_deepseek_ai_deepseek_r1_distill_qwen_32b,Role Playing / Pretending,0.19,0.26,0.07,CLOUDFLARE DEEPSEEK
cloudflare_cf_google_gemma_4_26b_a4b_it,Accidental Context Leakage,0.075,0.055,-0.019999999999999997,CLOUDFLARE GEMMA 4
cloudflare_cf_google_gemma_4_26b_a4b_it,Attention Shifting,0.205,0.27,0.06500000000000003,CLOUDFLARE GEMMA 4
cloudflare_cf_google_gemma_4_26b_a4b_it,Code Injection,0.03,0.06,0.03,CLOUDFLARE GEMMA 4
cloudflare_cf_google_gemma_4_26b_a4b_it,Dictionary Attack,0.1,0.085,-0.015,CLOUDFLARE GEMMA 4
cloudflare_cf_google_gemma_4_26b_a4b_it,Direct Exploitation,0.07,0.115,0.045,CLOUDFLARE GEMMA 4
cloudflare_cf_google_gemma_4_26b_a4b_it,Fill-in-the-Blank Attack,0.05,0.09,0.039999999999999994,CLOUDFLARE GEMMA 4
cloudflare_cf_google_gemma_4_26b_a4b_it,Hypothetical Manipulation,0.385,0.345,-0.040000000000000036,CLOUDFLARE GEMMA 4
cloudflare_cf_google_gemma_4_26b_a4b_it,Indirect Injection,0.04,0.135,0.095,CLOUDFLARE GEMMA 4
cloudflare_cf_google_gemma_4_26b_a4b_it,Jailbreaks,0.02,0.04,0.02,CLOUDFLARE GEMMA 4
cloudflare_cf_google_gemma_4_26b_a4b_it,Logic Trap Attacks,0.47,0.595,0.125,CLOUDFLARE GEMMA 4
cloudflare_cf_google_gemma_4_26b_a4b_it,Multi-Language Attack,0.07,0.135,0.065,CLOUDFLARE GEMMA 4
cloudflare_cf_google_gemma_4_26b_a4b_it,Multi-Prompt Attack,0.275,0.35,0.07499999999999996,CLOUDFLARE GEMMA 4
cloudflare_cf_google_gemma_4_26b_a4b_it,Obfuscation (Token Smuggling),0.175,0.22,0.04500000000000001,CLOUDFLARE GEMMA 4
cloudflare_cf_google_gemma_4_26b_a4b_it,Payload Splitting,0.16,0.17,0.010000000000000009,CLOUDFLARE GEMMA 4
cloudflare_cf_google_gemma_4_26b_a4b_it,Prompt Injection,0.035,0.035,0.0,CLOUDFLARE GEMMA 4
cloudflare_cf_google_gemma_4_26b_a4b_it,Role Playing / Pretending,0.16,0.18,0.01999999999999999,CLOUDFLARE GEMMA 4
cloudflare_cf_qwen_qwen3_30b_a3b_fp8,Accidental Context Leakage,0.015,0.1,0.085,CLOUDFLARE QWEN
cloudflare_cf_qwen_qwen3_30b_a3b_fp8,Attention Shifting,0.07,0.425,0.355,CLOUDFLARE QWEN
cloudflare_cf_qwen_qwen3_30b_a3b_fp8,Code Injection,0.005,0.055,0.05,CLOUDFLARE QWEN
cloudflare_cf_qwen_qwen3_30b_a3b_fp8,Dictionary Attack,0.06,0.145,0.08499999999999999,CLOUDFLARE QWEN
cloudflare_cf_qwen_qwen3_30b_a3b_fp8,Direct Exploitation,0.04,0.285,0.24499999999999997,CLOUDFLARE QWEN
cloudflare_cf_qwen_qwen3_30b_a3b_fp8,Fill-in-the-Blank Attack,0.04,0.06,0.019999999999999997,CLOUDFLARE QWEN
cloudflare_cf_qwen_qwen3_30b_a3b_fp8,Hypothetical Manipulation,0.12,0.68,0.56,CLOUDFLARE QWEN
cloudflare_cf_qwen_qwen3_30b_a3b_fp8,Indirect Injection,0.025,0.175,0.15,CLOUDFLARE QWEN
cloudflare_cf_qwen_qwen3_30b_a3b_fp8,Jailbreaks,0.025,0.06,0.034999999999999996,CLOUDFLARE QWEN
cloudflare_cf_qwen_qwen3_30b_a3b_fp8,Logic Trap Attacks,0.405,0.725,0.31999999999999995,CLOUDFLARE QWEN
cloudflare_cf_qwen_qwen3_30b_a3b_fp8,Multi-Language Attack,0.055,0.17,0.11500000000000002,CLOUDFLARE QWEN
cloudflare_cf_qwen_qwen3_30b_a3b_fp8,Multi-Prompt Attack,0.2,0.36,0.15999999999999998,CLOUDFLARE QWEN
cloudflare_cf_qwen_qwen3_30b_a3b_fp8,Obfuscation (Token Smuggling),0.095,0.35,0.255,CLOUDFLARE QWEN
cloudflare_cf_qwen_qwen3_30b_a3b_fp8,Payload Splitting,0.1,0.665,0.5650000000000001,CLOUDFLARE QWEN
cloudflare_cf_qwen_qwen3_30b_a3b_fp8,Prompt Injection,0.015,0.035,0.020000000000000004,CLOUDFLARE QWEN
cloudflare_cf_qwen_qwen3_30b_a3b_fp8,Role Playing / Pretending,0.08,0.145,0.06499999999999999,CLOUDFLARE QWEN
google_gemini_flash_lite_latest,Accidental Context Leakage,0.075,0.1,0.02500000000000001,GEMINI
google_gemini_flash_lite_latest,Attention Shifting,0.285,0.355,0.07,GEMINI
google_gemini_flash_lite_latest,Code Injection,0.045,0.105,0.06,GEMINI
google_gemini_flash_lite_latest,Dictionary Attack,0.12,0.155,0.035,GEMINI
google_gemini_flash_lite_latest,Direct Exploitation,0.095,0.235,0.13999999999999999,GEMINI
google_gemini_flash_lite_latest,Fill-in-the-Blank Attack,0.03,0.085,0.05500000000000001,GEMINI
google_gemini_flash_lite_latest,Hypothetical Manipulation,0.57,0.625,0.05500000000000005,GEMINI
google_gemini_flash_lite_latest,Indirect Injection,0.065,0.135,0.07,GEMINI
google_gemini_flash_lite_latest,Jailbreaks,0.03,0.07,0.04000000000000001,GEMINI
google_gemini_flash_lite_latest,Logic Trap Attacks,0.655,0.75,0.09499999999999997,GEMINI
google_gemini_flash_lite_latest,Multi-Language Attack,0.07,0.14,0.07,GEMINI
google_gemini_flash_lite_latest,Multi-Prompt Attack,0.255,0.355,0.09999999999999998,GEMINI
google_gemini_flash_lite_latest,Obfuscation (Token Smuggling),0.23,0.305,0.07499999999999998,GEMINI
google_gemini_flash_lite_latest,Payload Splitting,0.145,0.505,0.36,GEMINI
google_gemini_flash_lite_latest,Prompt Injection,0.045,0.025,-0.019999999999999997,GEMINI
google_gemini_flash_lite_latest,Role Playing / Pretending,0.2,0.25,0.04999999999999999,GEMINI
groq_llama_3_1_8b_instant,Accidental Context Leakage,0.125,0.125,0.0,GROQ LLAMA3.1
groq_llama_3_1_8b_instant,Attention Shifting,0.095,0.21,0.11499999999999999,GROQ LLAMA3.1
groq_llama_3_1_8b_instant,Code Injection,0.0,0.065,0.065,GROQ LLAMA3.1
groq_llama_3_1_8b_instant,Dictionary Attack,0.085,0.13,0.045,GROQ LLAMA3.1
groq_llama_3_1_8b_instant,Direct Exploitation,0.005,0.04,0.035,GROQ LLAMA3.1
groq_llama_3_1_8b_instant,Fill-in-the-Blank Attack,0.08,0.07,-0.009999999999999995,GROQ LLAMA3.1
groq_llama_3_1_8b_instant,Hypothetical Manipulation,0.215,0.66,0.44500000000000006,GROQ LLAMA3.1
groq_llama_3_1_8b_instant,Indirect Injection,0.015,0.13,0.115,GROQ LLAMA3.1
groq_llama_3_1_8b_instant,Jailbreaks,0.02,0.055,0.035,GROQ LLAMA3.1
groq_llama_3_1_8b_instant,Logic Trap Attacks,0.335,0.5,0.16499999999999998,GROQ LLAMA3.1
groq_llama_3_1_8b_instant,Multi-Language Attack,0.015,0.165,0.15000000000000002,GROQ LLAMA3.1
groq_llama_3_1_8b_instant,Multi-Prompt Attack,0.285,0.34,0.05500000000000005,GROQ LLAMA3.1
groq_llama_3_1_8b_instant,Obfuscation (Token Smuggling),0.16,0.33,0.17,GROQ LLAMA3.1
groq_llama_3_1_8b_instant,Payload Splitting,0.385,0.66,0.275,GROQ LLAMA3.1
groq_llama_3_1_8b_instant,Prompt Injection,0.035,0.035,0.0,GROQ LLAMA3.1
groq_llama_3_1_8b_instant,Role Playing / Pretending,0.195,0.23,0.035,GROQ LLAMA3.1
mistral_mistral_small_latest,Accidental Context Leakage,0.08,0.135,0.05500000000000001,MISTRAL
mistral_mistral_small_latest,Attention Shifting,0.14,0.36,0.21999999999999997,MISTRAL
mistral_mistral_small_latest,Code Injection,0.04,0.115,0.07500000000000001,MISTRAL
mistral_mistral_small_latest,Dictionary Attack,0.1,0.235,0.13499999999999998,MISTRAL
mistral_mistral_small_latest,Direct Exploitation,0.025,0.125,0.1,MISTRAL
mistral_mistral_small_latest,Fill-in-the-Blank Attack,0.09,0.105,0.015,MISTRAL
mistral_mistral_small_latest,Hypothetical Manipulation,0.3,0.695,0.39499999999999996,MISTRAL
mistral_mistral_small_latest,Indirect Injection,0.0,0.185,0.185,MISTRAL
mistral_mistral_small_latest,Jailbreaks,0.025,0.1,0.07500000000000001,MISTRAL
mistral_mistral_small_latest,Logic Trap Attacks,0.475,0.71,0.235,MISTRAL
mistral_mistral_small_latest,Multi-Language Attack,0.015,0.205,0.19,MISTRAL
mistral_mistral_small_latest,Multi-Prompt Attack,0.32,0.415,0.09499999999999997,MISTRAL
mistral_mistral_small_latest,Obfuscation (Token Smuggling),0.14,0.485,0.345,MISTRAL
mistral_mistral_small_latest,Payload Splitting,0.425,0.69,0.26499999999999996,MISTRAL
mistral_mistral_small_latest,Prompt Injection,0.035,0.05,0.015,MISTRAL
mistral_mistral_small_latest,Role Playing / Pretending,0.185,0.265,0.08000000000000002,MISTRAL
ollama_deepseek_r1_latest,Accidental Context Leakage,0.03,0.12,0.09,OLLAMA DEEPSEEK R1
ollama_deepseek_r1_latest,Attention Shifting,0.085,0.29,0.20499999999999996,OLLAMA DEEPSEEK R1
ollama_deepseek_r1_latest,Code Injection,0.15,0.08,-0.06999999999999999,OLLAMA DEEPSEEK R1
ollama_deepseek_r1_latest,Dictionary Attack,0.155,0.195,0.04000000000000001,OLLAMA DEEPSEEK R1
ollama_deepseek_r1_latest,Direct Exploitation,0.005,0.09,0.08499999999999999,OLLAMA DEEPSEEK R1
ollama_deepseek_r1_latest,Fill-in-the-Blank Attack,0.045,0.07,0.02500000000000001,OLLAMA DEEPSEEK R1
ollama_deepseek_r1_latest,Hypothetical Manipulation,0.155,0.46,0.30500000000000005,OLLAMA DEEPSEEK R1
ollama_deepseek_r1_latest,Indirect Injection,0.005,0.165,0.16,OLLAMA DEEPSEEK R1
ollama_deepseek_r1_latest,Jailbreaks,0.01,0.065,0.055,OLLAMA DEEPSEEK R1
ollama_deepseek_r1_latest,Logic Trap Attacks,0.185,0.59,0.40499999999999997,OLLAMA DEEPSEEK R1
ollama_deepseek_r1_latest,Multi-Language Attack,0.005,0.14,0.135,OLLAMA DEEPSEEK R1
ollama_deepseek_r1_latest,Multi-Prompt Attack,0.12,0.35,0.22999999999999998,OLLAMA DEEPSEEK R1
ollama_deepseek_r1_latest,Obfuscation (Token Smuggling),0.055,0.34,0.28500000000000003,OLLAMA DEEPSEEK R1
ollama_deepseek_r1_latest,Payload Splitting,0.07,0.695,0.625,OLLAMA DEEPSEEK R1
ollama_deepseek_r1_latest,Prompt Injection,0.005,0.02,0.015,OLLAMA DEEPSEEK R1
ollama_deepseek_r1_latest,Role Playing / Pretending,0.055,0.19,0.135,OLLAMA DEEPSEEK R1
ollama_gemma4_latest,Accidental Context Leakage,0.065,0.09,0.024999999999999994,OLLAMA GEMMA 4
ollama_gemma4_latest,Attention Shifting,0.26,0.305,0.044999999999999984,OLLAMA GEMMA 4
ollama_gemma4_latest,Code Injection,0.05,0.045,-0.0050000000000000044,OLLAMA GEMMA 4
ollama_gemma4_latest,Dictionary Attack,0.08,0.105,0.024999999999999994,OLLAMA GEMMA 4
ollama_gemma4_latest,Direct Exploitation,0.025,0.07,0.045000000000000005,OLLAMA GEMMA 4
ollama_gemma4_latest,Fill-in-the-Blank Attack,0.02,0.07,0.05,OLLAMA GEMMA 4
ollama_gemma4_latest,Hypothetical Manipulation,0.35,0.275,-0.07499999999999996,OLLAMA GEMMA 4
ollama_gemma4_latest,Indirect Injection,0.035,0.12,0.08499999999999999,OLLAMA GEMMA 4
ollama_gemma4_latest,Jailbreaks,0.035,0.05,0.015,OLLAMA GEMMA 4
ollama_gemma4_latest,Logic Trap Attacks,0.44,0.6,0.15999999999999998,OLLAMA GEMMA 4
ollama_gemma4_latest,Multi-Language Attack,0.005,0.095,0.09,OLLAMA GEMMA 4
ollama_gemma4_latest,Multi-Prompt Attack,0.315,0.3,-0.015000000000000013,OLLAMA GEMMA 4
ollama_gemma4_latest,Obfuscation (Token Smuggling),0.14,0.29,0.14999999999999997,OLLAMA GEMMA 4
ollama_gemma4_latest,Payload Splitting,0.095,0.52,0.42500000000000004,OLLAMA GEMMA 4
ollama_gemma4_latest,Prompt Injection,0.025,0.055,0.03,OLLAMA GEMMA 4
ollama_gemma4_latest,Role Playing / Pretending,0.16,0.235,0.07499999999999998,OLLAMA GEMMA 4
ollama_llama3_1_8b,Accidental Context Leakage,0.015,0.06,0.045,OLLAMA LLAMA3.1
ollama_llama3_1_8b,Attention Shifting,0.08,0.24,0.15999999999999998,OLLAMA LLAMA3.1
ollama_llama3_1_8b,Code Injection,0.01,0.09,0.08,OLLAMA LLAMA3.1
ollama_llama3_1_8b,Dictionary Attack,0.035,0.08,0.045,OLLAMA LLAMA3.1
ollama_llama3_1_8b,Direct Exploitation,0.0,0.135,0.135,OLLAMA LLAMA3.1
ollama_llama3_1_8b,Fill-in-the-Blank Attack,0.005,0.03,0.024999999999999998,OLLAMA LLAMA3.1
ollama_llama3_1_8b,Hypothetical Manipulation,0.115,0.445,0.33,OLLAMA LLAMA3.1
ollama_llama3_1_8b,Indirect Injection,0.0,0.065,0.065,OLLAMA LLAMA3.1
ollama_llama3_1_8b,Jailbreaks,0.005,0.045,0.04,OLLAMA LLAMA3.1
ollama_llama3_1_8b,Logic Trap Attacks,0.18,0.555,0.37500000000000006,OLLAMA LLAMA3.1
ollama_llama3_1_8b,Multi-Language Attack,0.005,0.095,0.09,OLLAMA LLAMA3.1
ollama_llama3_1_8b,Multi-Prompt Attack,0.175,0.335,0.16000000000000003,OLLAMA LLAMA3.1
ollama_llama3_1_8b,Obfuscation (Token Smuggling),0.04,0.155,0.11499999999999999,OLLAMA LLAMA3.1
ollama_llama3_1_8b,Payload Splitting,0.02,0.15,0.13,OLLAMA LLAMA3.1
ollama_llama3_1_8b,Prompt Injection,0.0,0.02,0.02,OLLAMA LLAMA3.1
ollama_llama3_1_8b,Role Playing / Pretending,0.05,0.165,0.115,OLLAMA LLAMA3.1
ollama_mistral_latest,Accidental Context Leakage,0.105,0.15,0.045,OLLAMA MISTRAL
ollama_mistral_latest,Attention Shifting,0.16,0.665,0.505,OLLAMA MISTRAL
ollama_mistral_latest,Code Injection,0.015,0.155,0.14,OLLAMA MISTRAL
ollama_mistral_latest,Dictionary Attack,0.12,0.375,0.255,OLLAMA MISTRAL
ollama_mistral_latest,Direct Exploitation,0.005,0.63,0.625,OLLAMA MISTRAL
ollama_mistral_latest,Fill-in-the-Blank Attack,0.095,0.06,-0.035,OLLAMA MISTRAL
ollama_mistral_latest,Hypothetical Manipulation,0.365,0.755,0.39,OLLAMA MISTRAL
ollama_mistral_latest,Indirect Injection,0.01,0.165,0.155,OLLAMA MISTRAL
ollama_mistral_latest,Jailbreaks,0.015,0.25,0.235,OLLAMA MISTRAL
ollama_mistral_latest,Logic Trap Attacks,0.32,0.91,0.5900000000000001,OLLAMA MISTRAL
ollama_mistral_latest,Multi-Language Attack,0.025,0.24,0.215,OLLAMA MISTRAL
ollama_mistral_latest,Multi-Prompt Attack,0.255,0.45,0.195,OLLAMA MISTRAL
ollama_mistral_latest,Obfuscation (Token Smuggling),0.185,0.76,0.575,OLLAMA MISTRAL
ollama_mistral_latest,Payload Splitting,0.555,0.74,0.18499999999999994,OLLAMA MISTRAL
ollama_mistral_latest,Prompt Injection,0.04,0.095,0.055,OLLAMA MISTRAL
ollama_mistral_latest,Role Playing / Pretending,0.2,0.29,0.08999999999999997,OLLAMA MISTRAL
ollama_qwen3_latest,Accidental Context Leakage,0.03,0.085,0.05500000000000001,OLLAMA QWEN3
ollama_qwen3_latest,Attention Shifting,0.065,0.415,0.35,OLLAMA QWEN3
ollama_qwen3_latest,Code Injection,0.01,0.095,0.085,OLLAMA QWEN3
ollama_qwen3_latest,Dictionary Attack,0.055,0.2,0.14500000000000002,OLLAMA QWEN3
ollama_qwen3_latest,Direct Exploitation,0.005,0.175,0.16999999999999998,OLLAMA QWEN3
ollama_qwen3_latest,Fill-in-the-Blank Attack,0.015,0.09,0.075,OLLAMA QWEN3
ollama_qwen3_latest,Hypothetical Manipulation,0.215,0.63,0.41500000000000004,OLLAMA QWEN3
ollama_qwen3_latest,Indirect Injection,0.0,0.1,0.1,OLLAMA QWEN3
ollama_qwen3_latest,Jailbreaks,0.01,0.085,0.07500000000000001,OLLAMA QWEN3
ollama_qwen3_latest,Logic Trap Attacks,0.255,0.77,0.515,OLLAMA QWEN3
ollama_qwen3_latest,Multi-Language Attack,0.01,0.145,0.13499999999999998,OLLAMA QWEN3
ollama_qwen3_latest,Multi-Prompt Attack,0.155,0.365,0.21,OLLAMA QWEN3
ollama_qwen3_latest,Obfuscation (Token Smuggling),0.085,0.445,0.36,OLLAMA QWEN3
ollama_qwen3_latest,Payload Splitting,0.06,0.73,0.6699999999999999,OLLAMA QWEN3
ollama_qwen3_latest,Prompt Injection,0.01,0.03,0.019999999999999997,OLLAMA QWEN3
ollama_qwen3_latest,Role Playing / Pretending,0.07,0.215,0.145,OLLAMA QWEN3
